City_ID,City,Country,Lat,Lng,Max Temp,Humidity,Cloudiness,Wind Speed,Current Description
0,Hobart,AU,-42.8794,147.3294,54.27,91,40,2.35,scattered clouds
1,Pogar,RU,52.554,33.2591,55.02,83,38,8.34,scattered clouds
2,Kamenka,RU,51.3223,42.7678,60.94,79,100,12.39,overcast clouds
3,Oblesevo,MK,41.8833,22.3339,68.95,65,60,4.61,broken clouds
4,Kapaa,US,22.0752,-159.319,78.78,68,40,3.0,scattered clouds
5,Lagoa,PT,39.05,-27.9833,59.38,61,5,11.34,clear sky
6,Hearst,CA,49.6835,-83.6665,48.45,87,100,8.72,overcast clouds
7,Mecca,SA,21.4267,39.8261,89.37,37,6,6.08,clear sky
8,Bredasdorp,ZA,-34.5322,20.0403,47.52,75,90,5.7,overcast clouds
9,Rikitea,PF,-23.1203,-134.9692,76.55,67,15,12.57,few clouds
10,Newport,GB,51.5877,-2.9984,54.88,64,64,11.77,broken clouds
11,Port Elizabeth,ZA,-33.918,25.5701,56.1,81,20,1.14,few clouds
12,Mandera,KE,3.9366,41.867,83.89,54,100,14.38,overcast clouds
13,Ushuaia,AR,-54.8,-68.3,38.86,93,75,1.14,broken clouds
14,Atuona,PF,-9.8,-139.0333,80.08,68,88,14.32,overcast clouds
15,Tiarei,PF,-17.5333,-149.3333,80.62,76,49,16.08,scattered clouds
16,Quatre Cocos,MU,-20.2078,57.7625,71.71,67,37,14.88,scattered clouds
17,Bethel,US,41.3712,-73.414,89.17,42,1,1.01,clear sky
18,Presidencia Roque Saenz Pena,AR,-26.7852,-60.4388,68.92,32,1,12.93,clear sky
19,Mgachi,RU,51.05,142.2667,46.45,82,63,1.14,broken clouds
20,Turukhansk,RU,65.8167,87.9833,38.1,99,100,9.19,overcast clouds
21,Mataura,NZ,-46.1927,168.8643,37.42,96,0,1.95,clear sky
22,East London,ZA,-33.0153,27.9116,52.74,66,0,5.75,clear sky
23,Mikhaylovka,RU,50.06,43.2379,65.97,76,100,17.67,overcast clouds
24,Puerto Ayora,EC,-0.7393,-90.3518,84.16,79,85,8.99,overcast clouds
25,Port Alfred,ZA,-33.5906,26.891,59.11,58,1,7.49,clear sky
26,Puerto Escondido,MX,15.85,-97.0667,90.43,70,1,3.44,clear sky
27,Keuruu,FI,62.2667,24.7,51.98,85,83,5.39,broken clouds
28,Punta Arenas,CL,-53.15,-70.9167,46.51,80,40,3.76,scattered clouds
29,Bela,IN,25.9333,81.9833,91.33,32,0,5.91,clear sky
30,Mandalgovi,MN,45.7625,106.2708,33.01,69,37,13.78,scattered clouds
31,Hilo,US,19.7297,-155.09,75.61,81,40,6.91,scattered clouds
32,Albany,US,42.6001,-73.9662,85.64,40,100,3.0,overcast clouds
33,Veraval,IN,20.9,70.3667,83.46,80,11,11.86,few clouds
34,Nizwa,OM,22.9333,57.5333,94.78,15,56,6.29,broken clouds
35,Nemuro,JP,43.3236,145.575,41.85,98,100,17.85,overcast clouds
36,Faya,SA,18.3851,42.4509,69.91,53,2,5.35,clear sky
37,Busselton,AU,-33.65,115.3333,50.04,78,39,7.83,scattered clouds
38,Yellowknife,CA,62.456,-114.3525,49.28,53,90,1.99,overcast clouds
39,Bemidji,US,47.4736,-94.8803,73.69,73,90,10.36,overcast clouds
40,Bambous Virieux,MU,-20.3428,57.7575,71.85,64,75,14.99,broken clouds
41,New Norfolk,AU,-42.7826,147.0587,53.92,66,100,0.45,overcast clouds
42,Kirensk,RU,57.7853,108.1119,35.87,74,86,3.02,overcast clouds
43,Puerto Del Rosario,ES,28.5004,-13.8627,73.08,78,0,23.02,clear sky
44,Maizuru,JP,35.45,135.3333,60.4,92,10,3.11,clear sky
45,Warner Robins,US,32.621,-83.5999,85.46,45,75,6.91,broken clouds
46,Hofn,IS,64.2539,-15.2082,43.03,67,98,14.97,overcast clouds
47,Bluff,NZ,-46.6,168.3333,45.66,87,6,10.07,clear sky
48,Saint-Philippe,RE,-21.3585,55.7679,72.99,66,86,11.68,overcast clouds
49,Vaini,TO,-21.2,-175.2,75.36,100,75,2.3,light rain
50,Chuy,UY,-33.6971,-53.4616,59.29,76,61,16.87,broken clouds
51,Grand Gaube,MU,-20.0064,57.6608,72.0,76,10,3.0,clear sky
52,Hermanus,ZA,-34.4187,19.2345,54.9,61,84,5.19,broken clouds
53,Toamasina,MG,-18.1667,49.3833,68.0,94,40,6.91,light rain
54,Forbes,AU,-33.3833,148.0167,45.91,87,0,5.12,clear sky
55,Barrow,US,71.2906,-156.7887,32.02,86,90,12.66,light snow
56,Villafranca De Los Barros,ES,38.5614,-6.3381,67.82,33,97,20.42,overcast clouds
57,Bathsheba,BB,13.2167,-59.5167,88.41,69,40,19.44,scattered clouds
58,Dingle,PH,10.9995,122.6711,77.25,87,51,3.56,broken clouds
59,Elizabeth City,US,36.2946,-76.2511,87.85,38,1,5.75,clear sky
60,Portland,US,45.5234,-122.6762,60.64,76,90,1.01,overcast clouds
61,Coquimbo,CL,-29.9533,-71.3436,67.73,50,0,9.04,clear sky
62,Hashtrud,IR,37.4779,47.0508,67.06,36,54,3.89,broken clouds
63,Qaanaaq,GL,77.484,-69.3632,29.17,66,88,2.1,overcast clouds
64,Vila Franca Do Campo,PT,37.7167,-25.4333,63.01,51,5,11.63,clear sky
65,Los Reyes,MX,19.35,-98.9667,79.07,16,1,5.77,clear sky
66,Salihorsk,BY,52.7876,27.5415,57.6,78,82,18.03,light rain
67,Koslan,RU,63.4564,48.8989,52.79,56,13,7.99,few clouds
68,Laguna,US,38.421,-121.4238,73.49,43,1,1.99,clear sky
69,Kaitangata,NZ,-46.2817,169.8464,43.93,84,0,4.72,clear sky
70,Padang,ID,-0.9492,100.3543,77.86,86,95,3.49,overcast clouds
71,Nikolskoye,RU,59.7035,30.7861,55.29,93,0,5.08,clear sky
72,Samarai,PG,-10.6167,150.6667,79.05,77,61,17.87,broken clouds
73,Avarua,CK,-21.2078,-159.775,75.25,78,100,13.8,overcast clouds
74,Butaritari,KI,3.0707,172.7902,83.05,81,95,18.92,moderate rain
75,Hithadhoo,MV,-0.6,73.0833,84.06,72,72,10.09,broken clouds
76,Buchanan,LR,5.8808,-10.0467,85.96,76,72,7.87,broken clouds
77,Tuktoyaktuk,CA,69.4541,-133.0374,41.0,70,20,12.66,few clouds
78,Whitehorse,CA,60.7161,-135.0538,50.77,34,75,8.99,broken clouds
79,Jiayuguan,CN,39.8167,98.3,47.62,24,0,6.82,clear sky
80,Lensk,RU,60.7253,114.9278,38.34,52,11,0.69,few clouds
81,Leningradskiy,RU,69.3833,178.4167,31.35,95,100,10.8,light snow
82,Oskemen,KZ,49.9565,82.6119,49.96,86,5,2.91,clear sky
83,Kloulklubed,PW,7.0419,134.2556,75.7,74,100,3.98,overcast clouds
84,Palmer,US,42.1584,-72.3287,89.53,36,90,4.0,overcast clouds
85,Beroroha,MG,-21.6667,45.1667,65.86,57,3,1.86,clear sky
86,Saldanha,ZA,-33.0117,17.9442,53.65,59,1,10.33,clear sky
87,Salalah,OM,17.0151,54.0924,84.29,84,20,4.61,few clouds
88,Hasaki,JP,35.7333,140.8333,61.29,84,100,14.79,overcast clouds
89,Jamestown,US,42.097,-79.2353,80.1,55,75,7.0,broken clouds
90,Egvekinot,RU,66.3167,-179.1667,28.56,94,100,2.8,overcast clouds
91,Mahebourg,MU,-20.4081,57.7,71.89,78,75,8.05,broken clouds
92,Soligalich,RU,59.0778,42.2864,54.57,66,6,10.87,clear sky
93,Cape Town,ZA,-33.9258,18.4232,55.11,57,0,6.02,clear sky
94,Hualmay,PE,-11.0964,-77.6139,68.85,70,7,8.5,clear sky
95,Alice Springs,AU,-23.7,133.8833,47.75,48,88,6.76,overcast clouds
96,Clyde River,CA,70.4692,-68.5914,19.63,73,40,4.61,scattered clouds
97,Tasiilaq,GL,65.6145,-37.6368,30.36,80,100,6.46,overcast clouds
98,Mar Del Plata,AR,-38.0023,-57.5575,59.09,62,90,13.0,light rain
99,Vardo,NO,70.3705,31.1107,34.61,62,100,25.84,overcast clouds
100,Olavarria,AR,-36.8927,-60.3225,52.02,98,100,7.0,moderate rain
101,Victoria,HK,22.2855,114.1577,86.32,83,100,5.99,overcast clouds
102,Saint George,US,37.1041,-113.5841,70.27,17,1,3.0,clear sky
103,Guerrero Negro,MX,27.9769,-114.0611,67.35,47,0,21.5,clear sky
104,Provideniya,RU,64.3833,-173.3,35.82,82,80,1.88,broken clouds
105,Atar,MR,20.5169,-13.0499,105.85,16,23,9.22,few clouds
106,Geraldton,AU,-28.7667,114.6,66.13,81,75,12.66,broken clouds
107,Hamilton,US,39.1834,-84.5333,85.23,52,1,1.01,clear sky
108,Upernavik,GL,72.7868,-56.1549,29.37,90,100,7.67,light snow
109,Mehamn,NO,71.0357,27.8492,33.91,57,97,20.51,overcast clouds
110,Koltubanovskiy,RU,52.9407,52.0269,70.88,54,88,8.14,overcast clouds
111,Nelson Bay,AU,-32.7167,152.15,53.69,89,45,9.93,scattered clouds
112,Arlit,NE,18.7369,7.3853,98.17,5,0,13.18,clear sky
113,Bilibino,RU,68.0546,166.4372,29.39,93,97,2.42,light snow
114,Sao Filipe,CV,14.8961,-24.4956,73.78,77,1,9.04,clear sky
115,Broome,US,42.2506,-75.833,82.78,54,75,4.0,broken clouds
116,Pentecoste,BR,-3.7928,-39.2703,82.67,65,83,7.09,broken clouds
117,Santa Flavia,IT,38.085,13.5351,76.73,43,64,13.0,broken clouds
118,Cabo San Lucas,MX,22.8909,-109.9124,94.8,53,1,11.5,clear sky
119,Tiksi,RU,71.6872,128.8694,19.0,91,73,4.99,broken clouds
120,Faanui,PF,-16.4833,-151.75,81.23,74,18,14.23,few clouds
121,Izhma,RU,65.0083,53.9113,57.11,45,32,9.44,scattered clouds
122,Beloha,MG,-25.1667,45.05,64.96,77,93,5.7,overcast clouds
123,Mount Isa,AU,-20.7333,139.5,65.97,48,0,4.61,clear sky
124,Hibbing,US,47.4272,-92.9377,80.02,61,40,8.05,scattered clouds
125,Tacoronte,ES,28.4769,-16.4102,67.46,82,40,23.02,scattered clouds
126,Harelbeke,BE,50.8648,3.3108,55.11,84,100,1.01,light rain
127,Deputatskiy,RU,69.3,139.9,23.88,96,98,4.65,overcast clouds
128,Chokurdakh,RU,70.6333,147.9167,15.64,95,93,4.79,overcast clouds
129,Santo Antonio Do Ica,BR,-3.1022,-67.9397,84.96,77,44,3.04,scattered clouds
130,Porto Novo,BJ,6.4965,2.6036,80.42,78,100,11.56,overcast clouds
131,Mwinilunga,ZM,-11.7358,24.4293,59.16,59,5,4.45,clear sky
132,Torbay,CA,47.6666,-52.7314,66.97,39,75,26.46,broken clouds
133,Lompoc,US,34.6391,-120.4579,68.68,66,75,13.8,broken clouds
134,Ribeira Grande,PT,38.5167,-28.7,63.0,55,40,10.36,scattered clouds
135,Orissaare,EE,58.5592,23.0826,53.55,83,12,3.6,few clouds
136,Chumikan,RU,54.7183,135.315,34.2,99,100,6.93,moderate rain
137,Severo-Kurilsk,RU,50.6789,156.125,40.03,79,80,6.67,broken clouds
138,Cururupu,BR,-1.8283,-44.8683,86.11,64,100,6.89,overcast clouds
139,Grindavik,IS,63.8424,-22.4338,43.56,65,75,14.0,light rain
140,Airai,TL,-8.9266,125.4092,56.3,76,36,1.81,scattered clouds
141,Juneau,US,58.3019,-134.4197,48.25,95,90,4.0,overcast clouds
142,Remedios,CU,22.4947,-79.5458,83.32,67,79,19.91,broken clouds
143,Altay,CN,47.8667,88.1167,46.78,45,45,4.29,scattered clouds
144,Ancud,CL,-41.8697,-73.8203,57.42,79,96,7.16,overcast clouds
145,Roald,NO,62.5833,6.1333,64.45,71,40,18.41,scattered clouds
146,Arraial Do Cabo,BR,-22.9661,-42.0278,78.76,73,0,10.36,clear sky
147,Bontang,ID,0.1333,117.5,78.24,86,64,5.21,broken clouds
148,Santa Rosa De Cabal,CO,4.8681,-75.6214,76.24,71,40,3.44,scattered clouds
149,Piranhas,BR,-16.4269,-51.8222,91.22,34,100,7.16,overcast clouds
150,Westport,US,41.1415,-73.3579,91.18,45,100,8.14,overcast clouds
151,Kearney,US,40.6995,-99.0815,79.0,67,100,13.31,overcast clouds
152,Hukuntsi,BW,-24.0,21.75,55.33,24,0,8.84,clear sky
153,Saint-Denis,FR,48.9167,2.3333,57.85,65,75,4.0,broken clouds
154,Sumbe,AO,-11.2061,13.8437,77.95,85,100,7.18,overcast clouds
155,Dunedin,NZ,-45.8742,170.5036,44.8,84,0,4.0,clear sky
156,Cidreira,BR,-30.1811,-50.2056,68.38,75,57,11.88,broken clouds
157,Yatou,CN,37.15,122.3833,60.24,77,100,10.96,light rain
158,Sakakah,SA,29.9697,40.2064,89.17,21,0,18.79,clear sky
159,Biograd Na Moru,HR,43.9433,15.4519,68.76,56,100,19.71,overcast clouds
160,Angoram,PG,-4.0625,144.0661,75.24,98,100,0.85,overcast clouds
161,Mumford,GH,5.2618,-0.759,81.36,83,100,14.38,overcast clouds
162,Ust-Maya,RU,60.4167,134.5333,33.12,77,2,1.97,clear sky
163,Wanxian,CN,30.8039,108.3897,67.95,94,100,2.1,overcast clouds
164,Santa Maria,BR,-29.6842,-53.8069,63.7,67,75,13.09,broken clouds
165,Porto Santo,PT,33.072,-16.3415,67.3,63,40,20.71,scattered clouds
166,Alibag,IN,18.6411,72.8792,86.07,77,57,2.84,broken clouds
167,Ostersund,SE,63.1792,14.6357,50.45,53,20,11.5,few clouds
168,Virginia Beach,US,36.8529,-75.978,88.18,29,90,10.36,overcast clouds
169,Georgetown,MY,5.4112,100.3354,82.33,85,20,3.44,few clouds
170,Port Hardy,CA,50.6996,-127.4199,59.18,67,75,9.22,broken clouds
171,Myre,NO,69.1036,15.9492,41.02,71,90,29.26,overcast clouds
172,Ahipara,NZ,-35.1667,173.1667,57.85,72,100,15.66,overcast clouds
173,Bay Roberts,CA,47.5999,-53.2648,67.75,57,100,19.98,overcast clouds
174,Castro,BR,-24.7911,-50.0119,68.4,81,6,9.48,clear sky
175,Songjianghe,CN,42.1859,127.479,52.11,91,1,6.35,clear sky
176,Mangrol,IN,21.1167,70.1167,84.29,72,63,13.71,broken clouds
177,Darhan,MN,49.4867,105.9228,38.01,46,84,7.07,broken clouds
178,Klaksvik,FO,62.2266,-6.589,45.52,72,23,9.44,few clouds
179,Itarema,BR,-2.9248,-39.9167,82.06,72,96,14.47,overcast clouds
180,Inta,RU,66.0317,60.1659,61.32,60,100,16.08,overcast clouds
181,Le Mans,FR,48.0,0.2,57.09,82,75,3.44,broken clouds
182,Matagami,CA,49.7502,-77.6328,53.71,85,90,7.85,overcast clouds
183,Codrington,AU,-38.2667,141.9667,49.57,57,63,8.37,broken clouds
184,Iskateley,RU,67.6803,53.1512,51.6,61,8,11.61,clear sky
185,Caceres,ES,39.522,-6.3748,61.81,42,100,10.42,overcast clouds
186,Santander,ES,43.4647,-3.8044,58.82,63,20,5.01,few clouds
187,Rio Gallegos,AR,-51.6226,-69.2181,42.85,93,75,4.61,broken clouds
188,Honningsvag,NO,70.9821,25.9704,34.72,56,99,20.83,overcast clouds
189,Naberera,TZ,-4.2,36.9333,58.32,94,18,8.21,few clouds
190,Thompson,CA,55.7435,-97.8558,50.16,29,20,5.75,few clouds
191,Salvador,SV,13.8333,-88.9167,86.04,45,78,1.54,broken clouds
192,Longyearbyen,SJ,78.2186,15.6401,26.44,54,75,6.91,broken clouds
193,Belyy Yar,RU,53.6039,91.3903,42.69,83,0,10.02,clear sky
194,Taltal,CL,-25.4,-70.4833,67.6,58,12,3.53,few clouds
195,San Patricio,US,28.017,-97.5169,85.05,68,100,13.31,overcast clouds
196,Skelleftea,SE,64.7507,20.9528,37.99,69,90,1.01,light rain
197,Ambon,ID,-3.6954,128.1814,77.14,85,40,9.37,scattered clouds
198,Yaan,NG,7.3833,8.5667,79.54,75,84,11.07,broken clouds
199,Anchorage,US,61.2181,-149.9003,52.21,65,75,1.99,broken clouds
200,Gao,ML,16.6362,1.637,100.26,18,87,7.09,overcast clouds
201,Sungaipenuh,ID,-2.0833,101.3833,65.59,94,99,0.78,overcast clouds
202,Atambua,ID,-9.1061,124.8925,70.2,84,71,4.43,broken clouds
203,Distraccion,CO,10.8969,-72.8861,94.84,45,100,6.29,overcast clouds
204,Vitoria Da Conquista,BR,-14.8661,-40.8394,80.85,39,100,6.51,overcast clouds
205,Tuatapere,NZ,-46.1333,167.6833,41.38,90,2,4.36,clear sky
206,Colares,PT,38.7992,-9.4469,64.45,63,20,5.99,few clouds
207,Mount Gambier,AU,-37.8333,140.7667,48.11,71,100,10.36,overcast clouds
208,Nanortalik,GL,60.1432,-45.2371,36.63,77,16,7.74,few clouds
209,Durango,MX,24.8333,-104.8333,84.92,14,88,10.54,overcast clouds
210,Charters Towers,AU,-20.1,146.2667,60.15,85,0,7.67,clear sky
211,Kruisfontein,ZA,-34.0033,24.7314,53.89,67,70,4.34,broken clouds
212,Muisne,EC,0.6,-80.0333,84.31,83,92,10.92,overcast clouds
213,Plover,US,44.4564,-89.544,81.84,61,40,11.5,scattered clouds
214,Ormara,PK,25.2088,64.6357,83.91,80,0,14.38,clear sky
215,Chernyshevskiy,RU,63.0128,112.4714,35.37,77,49,2.04,scattered clouds
216,Nouakchott,MR,18.0858,-15.9785,69.73,87,0,13.35,clear sky
217,Acapulco,MX,16.8634,-99.8901,87.62,46,1,11.25,clear sky
218,Alta Floresta,BR,-9.8756,-56.0861,91.22,62,40,8.05,scattered clouds
219,Saint-Pierre,RE,-21.3393,55.4781,73.08,69,90,11.5,overcast clouds
220,Ushibuka,JP,32.1906,130.0228,64.2,78,0,5.12,clear sky
221,Dikson,RU,73.5069,80.5464,32.86,98,100,15.5,overcast clouds
222,Shambu,ET,9.5667,37.1,57.38,72,12,0.94,few clouds
223,Talnakh,RU,69.4865,88.3972,34.93,93,99,9.89,overcast clouds
224,Xining,CN,36.6167,101.7667,39.16,89,100,1.81,overcast clouds
225,Barentu,ER,15.1139,37.5928,90.95,15,71,7.61,broken clouds
226,Adre,TD,13.4667,22.2,90.27,10,0,14.79,clear sky
227,Acarau,BR,-2.8856,-40.12,82.71,72,94,14.97,overcast clouds
228,Centralia,US,46.7162,-122.9543,53.06,87,90,0.0,overcast clouds
229,Khatanga,RU,71.9667,102.5,24.98,99,100,2.42,overcast clouds
230,Dawei,MM,14.0833,98.2,77.79,92,100,7.45,overcast clouds
231,Marakkanam,IN,12.2,79.95,82.89,70,100,16.33,overcast clouds
232,Mitsamiouli,KM,-11.3847,43.2844,78.89,66,49,10.07,scattered clouds
233,Marzuq,YE,14.4,46.4667,81.09,44,72,7.0,broken clouds
234,Boulder,US,40.0833,-105.3505,68.14,68,90,1.99,overcast clouds
235,Klyuchi,RU,52.2667,79.1667,64.54,59,39,8.39,scattered clouds
236,Puerto Madero,MX,14.7208,-92.4215,82.6,100,75,9.22,broken clouds
237,Uvat,RU,59.1433,68.8953,63.73,60,100,6.62,overcast clouds
238,Ponta Delgada,PT,37.7333,-25.6667,63.32,51,20,13.8,few clouds
239,Qui Nhon,VN,13.7667,109.2333,79.3,85,100,5.12,overcast clouds
240,Kladno,CZ,50.1473,14.1029,59.61,65,0,7.4,clear sky
241,Saint-Louis,SN,16.3333,-15.0,96.44,15,0,17.36,clear sky
242,Ushtobe,KZ,45.2514,77.9838,66.4,42,0,19.3,clear sky
243,Esperance,AU,-33.8667,121.9,60.64,78,100,14.63,light rain
244,Saint-Augustin,CA,51.226,-58.6502,39.49,97,100,14.34,overcast clouds
245,Vostok,RU,46.4856,135.8833,49.91,73,0,4.18,clear sky
246,Yar-Sale,RU,66.8333,70.8333,60.62,59,100,15.97,overcast clouds
247,Half Moon Bay,US,37.4636,-122.4286,74.62,77,20,9.22,few clouds
248,Brae,GB,60.3964,-1.353,48.11,75,100,13.2,overcast clouds
249,Novokizhinginsk,RU,51.6115,109.5917,35.44,75,100,5.46,overcast clouds
250,Donskoye,RU,45.4552,41.9741,70.02,94,100,2.37,light rain
251,Conceicao Do Araguaia,BR,-8.2578,-49.2647,91.53,54,0,4.47,clear sky
252,Oranjemund,NA,-28.55,16.4333,67.69,34,9,7.96,clear sky
253,Sisimiut,GL,66.9395,-53.6735,30.22,59,100,17.18,overcast clouds
254,Kilrush,IE,52.6397,-9.4833,51.89,73,100,11.7,overcast clouds
255,Becerril,CO,9.7041,-73.2793,96.33,44,100,5.73,overcast clouds
256,Isiro,CD,2.7739,27.616,67.21,99,97,4.23,light rain
257,Manhattan,US,40.7834,-73.9662,91.53,33,1,3.44,clear sky
258,Yulara,AU,-25.2406,130.9889,57.04,44,32,5.75,scattered clouds
259,Qandala,SO,11.472,49.8728,85.6,72,81,2.95,broken clouds
260,Hami,CN,42.8,93.45,57.81,18,0,11.3,clear sky
261,Cefalu,IT,38.0386,14.0229,74.41,48,8,1.99,clear sky
262,Bandiagara,ML,14.3501,-3.6104,84.63,25,78,9.51,broken clouds
263,Kahului,US,20.8947,-156.47,78.06,72,20,13.8,few clouds
264,Kidal,ML,18.4411,1.4078,100.47,17,49,4.72,scattered clouds
265,Byron Bay,AU,-28.65,153.6167,62.55,85,70,7.78,broken clouds
266,Batagay-Alyta,RU,67.8006,130.4114,26.13,76,83,2.57,broken clouds
267,Cumberland,US,35.0502,-78.8664,89.6,31,1,4.61,clear sky
268,Haimen,CN,23.1935,116.6142,82.29,93,100,4.34,overcast clouds
269,Bengkulu,ID,-3.8004,102.2655,76.53,83,97,2.77,overcast clouds
270,Mingaora,PK,34.7758,72.3625,67.37,50,100,6.08,overcast clouds
271,Conceicao Do Rio Verde,BR,-21.8808,-45.0853,75.49,57,95,3.2,overcast clouds
272,Seddon,AU,-37.8068,144.8916,50.79,90,0,5.75,clear sky
273,Poya,NC,-21.35,165.15,66.09,83,38,4.65,scattered clouds
274,San Cristobal,VE,7.7669,-72.225,80.78,64,98,6.15,overcast clouds
275,Mocuba,MZ,-16.8392,36.9856,69.87,68,99,3.74,overcast clouds
276,Maragogi,BR,-9.0122,-35.2225,79.41,72,6,8.28,clear sky
277,Lasa,IT,46.6166,10.7002,56.28,98,100,2.98,light rain
278,Saskylakh,RU,71.9167,114.0833,20.3,94,95,6.96,overcast clouds
279,Bulgan,MN,48.8125,103.5347,29.97,78,83,3.74,broken clouds
280,Ust-Kan,RU,50.9276,84.761,46.27,87,100,2.57,overcast clouds
281,Carmen,MX,18.6333,-91.8333,87.84,62,40,5.75,scattered clouds
282,Gizo,SB,-8.103,156.8419,82.11,79,99,11.63,light rain
283,Aosta,IT,45.7667,7.4167,47.8,62,100,14.97,overcast clouds
284,Barcelos,PT,41.5388,-8.6151,61.92,61,2,9.57,clear sky
285,Fortuna,US,40.5982,-124.1573,70.41,67,1,4.0,clear sky
286,Ryotsu,JP,38.0833,138.4333,59.38,92,97,13.51,overcast clouds
287,Belmonte,BR,-15.8631,-38.8828,82.9,62,14,7.36,few clouds
288,Mantua,IT,45.1667,10.7833,68.32,69,88,3.0,overcast clouds
289,Cherskiy,RU,68.75,161.3,31.12,79,51,5.46,broken clouds
290,Mana,GF,5.6592,-53.7767,81.32,83,66,10.13,moderate rain
291,Narsipatnam,IN,17.6667,82.6167,76.41,72,100,2.01,overcast clouds
292,La Ronge,CA,55.1001,-105.2842,53.82,32,1,5.75,clear sky
293,Banda Aceh,ID,5.5577,95.3222,80.49,79,100,8.97,overcast clouds
294,Port Blair,IN,11.6667,92.75,81.1,86,100,15.88,moderate rain
295,Chingirlau,KZ,51.095,54.0814,72.25,41,97,10.47,overcast clouds
296,Pyay,MM,18.8167,95.2167,83.07,69,16,11.63,few clouds
297,Margate,GB,51.3813,1.3862,55.18,78,100,1.99,light rain
298,Carutapera,BR,-1.195,-46.02,84.36,73,100,9.13,overcast clouds
299,Kharian,PK,32.8149,73.8636,81.75,31,96,6.96,overcast clouds
300,Lavumisa,SZ,-27.31,31.892,57.58,96,2,2.39,clear sky
301,Yamada,JP,39.4667,141.95,53.56,98,100,3.96,overcast clouds
302,Narsaq,GL,60.9167,-46.05,48.42,64,16,7.31,few clouds
303,Bocas Del Toro,PA,9.3333,-82.25,89.08,73,100,10.33,overcast clouds
304,Auki,SB,-8.7676,160.7034,77.16,90,39,4.54,scattered clouds
305,Wick,GB,58.4333,-3.0833,48.25,57,10,13.8,clear sky
306,Pontarlier,FR,46.8333,6.25,54.12,97,100,6.69,overcast clouds
307,Carnarvon,AU,-24.8667,113.6333,71.67,68,13,9.22,few clouds
308,Ratangarh,IN,28.0833,74.6,84.29,38,35,11.23,scattered clouds
309,Seymchan,RU,62.8833,152.4333,41.02,68,100,4.81,overcast clouds
310,Katherine,AU,-14.4667,132.2667,68.32,92,72,5.86,broken clouds
311,Vila,PT,42.0304,-8.1588,54.73,70,6,5.26,clear sky
312,Sambava,MG,-14.2667,50.1667,71.82,81,83,12.44,light rain
313,Barhi,IN,23.9,80.8,87.67,32,4,3.47,clear sky
314,Morro Bay,US,35.3658,-120.8499,65.28,75,17,3.0,few clouds
315,Kandana,LK,7.048,79.8937,84.22,84,40,11.68,scattered clouds
316,Comodoro Rivadavia,AR,-45.8667,-67.5,55.26,67,0,4.61,clear sky
317,Ati,TD,13.2154,18.3353,93.36,21,6,5.44,clear sky
318,Rawson,AR,-43.3002,-65.1023,56.1,71,100,3.42,overcast clouds
319,Port Macquarie,AU,-31.4333,152.9167,53.38,90,15,7.27,few clouds
320,Pisco,PE,-13.7,-76.2167,65.01,88,90,6.91,overcast clouds
321,Eyl,SO,7.9803,49.8164,80.49,78,100,23.71,overcast clouds
322,Bojnurd,IR,37.4747,57.329,73.35,17,0,6.91,clear sky
323,Verkhnevilyuysk,RU,63.4453,120.3167,33.71,63,33,0.69,scattered clouds
324,Walvis Bay,NA,-22.9575,14.5053,81.55,34,0,9.46,clear sky
325,Praia,CV,14.9215,-23.5087,79.34,57,0,11.5,clear sky
326,Zyryanka,RU,65.75,150.85,41.74,62,98,8.32,overcast clouds
327,Fare,PF,-16.7,-151.0167,81.18,72,4,13.31,clear sky
328,Oneonta,US,42.4529,-75.0638,81.81,48,100,1.01,overcast clouds
329,Vitorino Freire,BR,-4.0667,-45.1667,87.3,70,47,1.72,scattered clouds
330,Kangaatsiaq,GL,68.3065,-53.4641,29.62,64,100,17.27,overcast clouds
331,Teguise,ES,29.0605,-13.564,70.02,86,20,31.5,few clouds
332,Erzin,TR,36.9559,36.2,69.01,76,1,1.95,clear sky
333,Ponta Do Sol,PT,32.6667,-17.1,68.13,74,100,12.3,overcast clouds
334,Port Hedland,AU,-20.3167,118.5667,64.45,63,0,4.61,clear sky
335,Kajaani,FI,64.2273,27.7285,39.25,87,90,10.36,light rain
336,Lexington,US,37.9887,-84.4777,87.69,55,1,6.53,clear sky
337,Batemans Bay,AU,-35.7167,150.1833,47.91,86,0,4.45,clear sky
338,Itaituba,BR,-4.2761,-55.9836,91.56,58,40,11.5,moderate rain
339,Medicine Hat,CA,50.0501,-110.6683,44.22,67,90,1.01,overcast clouds
340,Valdivia,CL,-39.8142,-73.2459,50.09,75,64,3.2,broken clouds
341,Kodiak,US,57.79,-152.4072,45.91,81,1,5.75,clear sky
342,Myitkyina,MM,25.3833,97.4,77.22,83,40,2.24,scattered clouds
343,Tsaratanana,MG,-16.7833,47.65,66.02,80,0,7.02,clear sky
344,Yuci,CN,37.6803,112.7319,55.15,61,40,7.49,scattered clouds
345,Limpapa,PH,7.1197,121.9106,74.53,83,44,7.31,scattered clouds
346,Sao Paulo De Olivenca,BR,-3.3783,-68.8725,83.73,81,39,1.68,light rain
347,Kavaratti,IN,10.5669,72.642,83.05,72,48,7.16,scattered clouds
348,Kudahuvadhoo,MV,2.6708,72.8944,83.25,76,21,15.88,few clouds
349,Norman Wells,CA,65.282,-126.8329,57.24,51,90,4.61,light rain
350,Akyab,MM,20.15,92.9,83.71,77,100,3.09,overcast clouds
351,Plettenberg Bay,ZA,-34.0527,23.3716,54.55,69,15,4.63,few clouds
352,Banyo,CM,6.75,11.8167,67.48,94,89,4.16,light rain
353,Sabha,LY,27.0377,14.4283,93.65,9,0,10.11,clear sky
354,Davila,PH,18.4726,120.5763,78.78,77,100,3.04,overcast clouds
355,Sao Joao Da Barra,BR,-21.6403,-41.0511,86.09,71,100,7.49,overcast clouds
356,San Carlos De Bariloche,AR,-41.1456,-71.3082,49.75,63,20,8.01,few clouds
357,Necochea,AR,-38.5473,-58.7368,57.04,85,100,20.18,light rain
358,Namtsy,RU,62.7161,129.6658,35.71,64,0,8.95,clear sky
359,Havoysund,NO,70.9963,24.6622,34.68,56,100,17.72,light rain
360,Atbasar,KZ,51.8,68.3333,68.83,35,4,6.49,clear sky
361,Flinders,AU,-34.5833,150.8552,54.21,88,0,1.01,clear sky
362,Yangambi,CD,0.8102,24.4336,71.74,90,91,1.1,light rain
363,Olafsvik,IS,64.8945,-23.7142,42.8,62,26,10.71,scattered clouds
364,Tiznit,MA,29.5833,-9.5,81.59,35,35,6.4,scattered clouds
365,Panguna,PG,-6.3164,155.4848,68.31,96,100,2.1,overcast clouds
366,Ankpa,NG,7.3706,7.6253,76.12,84,100,9.4,overcast clouds
367,Werda,BW,-25.2667,23.2833,58.14,21,0,5.75,clear sky
368,Sept-Iles,CA,50.2001,-66.3821,68.52,88,75,9.22,broken clouds
369,Garchitorena,PH,13.8804,123.6946,79.21,84,1,1.5,clear sky
370,Brooks,CA,50.5834,-111.8851,47.98,61,93,6.91,overcast clouds
371,Nueve De Julio,AR,-35.4444,-60.8831,54.01,97,100,8.99,moderate rain
372,Souillac,MU,-20.5167,57.5167,71.98,69,75,15.57,broken clouds
373,Tual,ID,-5.6667,132.75,81.27,79,100,13.11,overcast clouds
374,Benguela,AO,-12.5763,13.4055,77.36,81,90,4.68,overcast clouds
375,Khani,GE,41.9563,42.9566,51.37,99,100,3.85,light rain
376,Kotma,IN,23.2,81.9667,85.08,31,10,3.89,clear sky
377,Sioux Lookout,CA,50.1001,-91.917,59.38,100,90,9.22,overcast clouds
378,Wasilla,US,61.5814,-149.4394,51.01,70,90,3.44,overcast clouds
379,Avera,US,33.194,-82.5271,85.95,35,85,4.41,overcast clouds
380,Yanam,IN,16.7333,82.2167,79.25,80,100,3.29,overcast clouds
381,Isla Vista,US,34.4133,-119.861,70.68,53,1,6.91,clear sky
382,Beyneu,KZ,45.3167,55.2,81.93,11,0,23.94,clear sky
383,Isangel,VU,-19.55,169.2667,71.13,80,12,9.46,few clouds
384,Nguru,NG,12.8791,10.4526,98.15,16,56,8.48,broken clouds
385,Kapit,MY,2.0167,112.9333,73.96,100,100,0.67,light rain
386,Ulaangom,MN,49.9811,92.0667,47.41,38,97,1.23,overcast clouds
387,Dibulla,CO,11.2725,-73.3091,87.1,68,99,6.64,overcast clouds
388,Marica,BR,-22.9194,-42.8186,84.25,65,30,4.47,scattered clouds
389,Colesberg,ZA,-30.72,25.0972,46.69,40,69,3.09,broken clouds
390,Hobyo,SO,5.3505,48.5268,79.3,82,83,24.05,broken clouds
391,Bambanglipuro,ID,-7.95,110.2833,76.21,90,100,3.09,overcast clouds
392,Masallatah,LY,32.6167,14.0,69.04,62,0,21.21,clear sky
393,Japura,ID,-0.3167,102.35,72.81,93,98,1.32,overcast clouds
394,Ngunguru,NZ,-35.6167,174.5,57.16,86,100,28.5,light rain
395,Estevan,CA,49.1334,-102.9842,43.0,81,90,4.61,overcast clouds
396,Arzgir,RU,45.3728,44.2206,67.55,87,100,33.24,light rain
397,Guozhen,CN,34.3659,107.359,52.84,89,100,2.95,overcast clouds
398,Pingliang,CN,35.5392,106.6861,43.79,69,59,4.29,broken clouds
399,Coihaique,CL,-45.5752,-72.0662,53.55,58,75,4.61,broken clouds
400,Fairbanks,US,64.8378,-147.7164,48.22,89,90,14.97,light rain
401,Kosa,RU,59.9445,54.9977,52.79,93,0,7.83,clear sky
402,Tura,IN,25.5198,90.2201,76.82,83,37,3.58,scattered clouds
403,Beian,NO,63.6559,9.5683,59.67,67,75,6.91,broken clouds
404,Srednekolymsk,RU,67.45,153.6833,34.97,73,81,10.27,broken clouds
405,Kushima,JP,31.4583,131.2333,60.12,89,0,4.92,clear sky
406,Lebu,CL,-37.6167,-73.65,55.22,76,12,9.66,few clouds
407,Ballina,AU,-28.8667,153.5667,55.36,94,73,6.91,broken clouds
408,Muskegon,US,43.3,-86.1334,84.63,67,20,9.78,few clouds
409,Kumeny,RU,58.1089,49.9161,51.66,84,6,7.83,clear sky
410,Korla,CN,41.7597,86.1469,65.26,26,0,2.95,clear sky
411,Namatanai,PG,-3.6667,152.4333,79.29,85,100,4.61,moderate rain
412,Tateyama,JP,34.9833,139.8667,61.99,84,47,7.61,scattered clouds
413,Saint-Hubert,BE,50.05,5.3833,49.12,94,75,11.1,broken clouds
414,Manzanillo,CU,20.3433,-77.1167,83.39,60,95,17.07,overcast clouds
415,Ilulissat,GL,69.2167,-51.1,28.42,86,75,6.91,broken clouds
416,North Versailles,US,40.3798,-79.8095,84.11,37,1,1.99,clear sky
417,Lisakovsk,KZ,52.5369,62.4936,72.82,34,100,9.24,overcast clouds
418,Nioro,GM,13.35,-15.75,89.87,21,51,15.17,broken clouds
419,Ust-Nera,RU,64.5667,143.2,38.14,91,100,1.77,light rain
420,Nizhniy Chir,RU,48.3597,43.0865,72.5,77,100,16.67,overcast clouds
421,Iqaluit,CA,63.7506,-68.5145,22.73,62,75,24.0,broken clouds
422,Lavassaare,EE,58.5114,24.3889,51.82,91,11,3.04,few clouds
423,Tokmak,UA,47.2514,35.7058,61.05,77,55,8.75,broken clouds
424,Tacarigua,VE,10.0862,-67.9198,89.73,40,52,7.0,broken clouds
425,Odienne,CI,9.51,-7.5692,84.78,44,14,1.72,few clouds
426,Hay River,CA,60.8156,-115.7999,64.38,25,75,17.27,broken clouds
427,Bahia Blanca,AR,-38.7196,-62.2724,54.66,81,100,12.28,heavy intensity rain
428,Komsomolskiy,UZ,40.4272,71.7189,77.72,27,100,13.8,overcast clouds
429,Haileybury,CA,47.449,-79.6373,79.38,62,100,6.8,overcast clouds
430,Hovd,MN,48.0056,91.6419,44.98,24,21,2.98,few clouds
431,Sorland,NO,67.667,12.6934,44.22,76,100,20.13,overcast clouds
432,Chitral,PK,35.8462,71.7858,62.2,54,100,1.23,overcast clouds
433,Le Port,RE,-20.9373,55.2919,73.4,67,65,3.71,broken clouds
434,Tuy Hoa,VN,13.0833,109.3,79.66,81,100,8.63,light rain
435,Taoudenni,ML,22.6783,-3.9836,95.41,22,100,18.3,overcast clouds
436,Yarada,IN,17.65,83.2667,77.32,69,75,6.73,broken clouds
437,Baljevac,BA,44.8206,15.7799,54.81,65,100,6.62,overcast clouds
438,Natchez,US,31.5604,-91.4032,84.25,58,75,8.05,broken clouds
439,Umm Kaddadah,SD,13.6017,26.6876,89.49,9,5,15.55,clear sky
440,Gotsu,JP,35.0,132.2167,60.35,72,0,8.55,clear sky
441,Katsuura,JP,35.1333,140.3,61.11,87,96,5.08,overcast clouds
442,Lannion,FR,48.75,-3.4167,53.85,71,75,16.11,broken clouds
443,Bandarbeyla,SO,9.4942,50.8122,80.19,82,55,26.15,broken clouds
444,Balikpapan,ID,-1.2675,116.8289,78.96,83,98,5.75,overcast clouds
445,Marsh Harbour,BS,26.5412,-77.0636,75.94,60,0,18.52,clear sky
446,Pevek,RU,69.7008,170.3133,30.4,90,100,6.69,overcast clouds
447,Vikulovo,RU,56.8167,70.6107,65.17,58,79,5.91,broken clouds
448,Muravlenko,RU,63.7898,74.523,66.38,54,100,12.46,overcast clouds
449,Kiunga,PG,-6.1219,141.2906,73.94,100,99,1.12,light rain
450,Lima,PE,-12.0432,-77.0282,66.13,77,90,9.22,overcast clouds
451,Praia Da Vitoria,PT,38.7333,-27.0667,62.85,67,40,11.56,scattered clouds
452,Port Augusta,AU,-32.5,137.7667,51.71,46,98,5.12,overcast clouds
453,West Monroe,US,32.5185,-92.1476,84.49,58,75,10.51,broken clouds
454,Nchelenge,ZM,-9.3451,28.734,68.09,60,1,6.89,clear sky
455,Tutoia,BR,-2.7619,-42.2744,89.58,67,85,8.95,overcast clouds
456,Sinjar,IQ,36.3209,41.8754,80.58,23,0,15.86,clear sky
457,Aklavik,CA,68.2191,-135.0107,58.03,50,40,6.91,scattered clouds
458,Bubaque,GW,11.2833,-15.8333,78.31,79,19,17.13,few clouds
459,Miraflores,MX,19.2167,-98.8083,74.16,19,2,6.22,clear sky
460,Mackay,AU,-21.15,149.2,69.67,94,75,9.22,broken clouds
461,La Montanita,CO,1.4766,-75.4398,81.9,85,74,1.5,broken clouds
462,Goundam,ML,16.4145,-3.6708,99.99,15,19,5.88,few clouds
463,Yumbel,CL,-37.0833,-72.5667,57.43,53,13,6.42,few clouds
464,San Andres,CO,12.5847,-81.7006,87.82,70,40,17.27,scattered clouds
465,Kenai,US,60.5544,-151.2583,50.02,76,90,18.41,overcast clouds
466,Kuryk,KZ,43.2,51.65,87.1,17,0,16.33,clear sky
467,Bonfim,BR,3.0833,-59.95,86.88,62,93,6.08,overcast clouds
468,Cockburn Town,TC,21.4612,-71.1419,78.76,73,75,11.5,broken clouds
469,Thasra,IN,22.8,73.2167,84.65,66,4,16.02,clear sky
470,Whitianga,NZ,-36.8333,175.7,56.01,89,100,23.44,overcast clouds
471,Longhua,CN,23.6137,114.1919,78.22,89,100,0.58,overcast clouds
472,Zhigansk,RU,66.7697,123.3711,32.92,64,10,3.74,clear sky
473,Ambunti,PG,-4.2365,142.8448,73.54,100,100,0.96,overcast clouds
474,Monrovia,LR,6.3005,-10.7969,85.77,78,99,9.33,overcast clouds
475,Cayenne,GF,4.9333,-52.3333,84.24,83,75,4.0,broken clouds
476,Chipinge,ZW,-20.1883,32.6236,56.16,93,48,5.73,light rain
477,Port-Gentil,GA,-0.7193,8.7815,78.76,100,40,2.3,light rain
478,Poum,NC,-20.2333,164.0167,72.82,73,21,16.04,few clouds
479,Minggang,CN,32.4586,114.0486,70.77,84,100,6.35,light rain
480,Sijunjung,ID,-0.6876,100.9537,73.22,95,93,1.81,overcast clouds
481,Timmins,CA,48.4669,-81.3331,76.82,65,75,5.97,broken clouds
482,Verkhnyaya Inta,RU,65.9811,60.3094,61.41,59,100,16.4,overcast clouds
483,Lorengau,PG,-2.0226,147.2712,81.03,80,95,6.02,overcast clouds
484,Lisala,CD,2.15,21.5167,72.66,95,100,1.57,moderate rain
485,Muta,SI,46.6114,15.1661,61.75,91,100,1.68,overcast clouds
486,Gat,IL,31.61,34.7642,70.81,74,19,6.15,few clouds
487,Khonsa,IN,27.0167,95.5667,66.72,96,22,3.67,few clouds
488,Tucuma,BR,-0.1833,-50.05,85.57,64,52,8.05,broken clouds
489,The Pas,CA,53.8251,-101.2541,46.42,92,20,3.83,few clouds
490,Te Anau,NZ,-45.4167,167.7167,38.93,92,29,0.72,scattered clouds
491,Pacific Grove,US,36.6177,-121.9166,67.57,76,40,5.99,scattered clouds
492,Lalsk,RU,60.7415,47.5862,50.13,65,0,5.99,clear sky
493,Fethiye,TR,36.6217,29.1164,76.87,43,0,8.99,clear sky
494,Oranjestad,AW,12.524,-70.027,87.75,66,20,24.16,few clouds
495,Ziro,IN,27.6333,93.8333,57.38,96,57,1.54,broken clouds
496,Sao Lourenco Do Sul,BR,-31.3653,-51.9783,69.85,66,1,17.27,clear sky
497,Cap Malheureux,MU,-19.9842,57.6142,72.09,76,36,3.0,scattered clouds
498,Srandakan,ID,-7.9386,110.2506,76.44,90,100,3.13,overcast clouds
499,Wanning,CN,18.8003,110.3967,81.0,92,65,7.54,broken clouds
500,Denpasar,ID,-8.65,115.2167,80.26,82,20,4.54,few clouds
501,Umm Lajj,SA,25.0213,37.2685,82.92,50,0,7.27,clear sky
502,Chkalovsk,RU,56.7647,43.2433,53.19,68,0,7.31,clear sky
503,Cap-Aux-Meules,CA,47.3821,-61.8597,53.65,87,90,23.02,overcast clouds
504,Opuwo,NA,-18.0607,13.84,68.09,28,0,8.34,clear sky
505,Grenfell,AU,-33.9,148.1667,44.96,87,0,3.85,clear sky
506,Gilgit,PK,35.9221,74.3087,62.89,59,100,3.49,overcast clouds
507,Wladyslawowo,PL,54.7909,18.4009,52.93,90,67,6.38,broken clouds
508,Autazes,BR,-3.5797,-59.1306,83.84,77,94,4.32,overcast clouds
509,Nishihara,JP,26.1842,127.7558,79.88,93,75,5.97,broken clouds
510,Bluefield,US,37.2698,-81.2223,82.06,49,40,5.75,scattered clouds
511,Wewak,PG,-3.5534,143.6268,79.34,85,100,4.09,overcast clouds
512,Chapais,CA,49.7834,-74.8492,58.78,80,100,9.91,overcast clouds
513,Marawi,PH,7.9986,124.2928,68.65,92,40,1.97,scattered clouds
514,Bakong,CM,5.0935,10.4852,64.53,98,93,3.67,light rain
515,Asau,RO,46.4333,26.4,61.72,57,100,5.32,overcast clouds
516,North Bend,US,43.4065,-124.2243,55.85,72,90,10.36,overcast clouds
517,Bam,IR,29.106,58.357,83.8,10,29,8.79,scattered clouds
518,Iracoubo,GF,5.4802,-53.2011,80.02,86,98,12.03,moderate rain
519,Kalmunai,LK,7.4167,81.8167,81.75,72,100,9.13,overcast clouds
520,Constantine,DZ,36.365,6.6147,85.41,32,0,5.75,clear sky
521,Synya,RU,65.3718,58.0387,60.21,56,100,8.25,overcast clouds
522,Miri,MY,4.4148,114.0089,78.94,90,20,3.36,few clouds
523,Zhezkazgan,KZ,47.8043,67.7144,67.42,39,0,10.58,clear sky
524,Jesup,US,31.6074,-81.8854,86.11,37,40,3.44,scattered clouds
525,Nosivka,UA,50.9315,31.5828,55.87,73,100,8.81,overcast clouds
526,Kamaishi,JP,39.2667,141.8833,55.33,97,100,4.83,overcast clouds
527,Wakkanai,JP,45.4094,141.6739,46.94,97,100,19.04,light rain
528,Aswan,EG,24.0934,32.907,87.28,17,0,17.92,clear sky
529,Vangaindrano,MG,-23.35,47.6,66.43,85,23,1.34,few clouds
530,Broken Hill,AU,-31.95,141.4333,46.11,57,0,4.61,clear sky
531,Qeshm,IR,26.9581,56.2719,87.69,76,63,4.36,broken clouds
532,Tazovskiy,RU,67.4667,78.7,39.31,90,61,14.05,broken clouds
533,Kununurra,AU,-15.7667,128.7333,64.38,100,2,1.14,clear sky
534,Sosnovo-Ozerskoye,RU,52.5249,111.5418,37.42,63,100,10.89,overcast clouds
535,Karasjok,NO,69.4719,25.5112,32.11,73,90,13.71,overcast clouds
536,Bardsir,IR,29.9227,56.5743,73.45,16,86,3.6,overcast clouds
537,Vila Velha,BR,-20.3297,-40.2925,85.95,61,0,7.0,clear sky
538,Tomatlan,MX,19.9333,-105.25,92.52,33,0,9.98,clear sky
539,Los Llanos De Aridane,ES,28.6585,-17.9182,65.95,77,20,21.77,few clouds
540,Birmitrapur,IN,22.4,84.7667,86.18,37,9,3.13,clear sky
541,Yei,SS,4.095,30.6779,69.33,90,89,3.51,light rain
542,Katobu,ID,-4.9408,122.5276,73.96,95,75,2.28,broken clouds
543,Cordoba,AR,-31.4135,-64.1811,67.75,21,20,5.99,few clouds
544,Haines Junction,CA,60.7522,-137.5108,49.95,37,100,6.91,overcast clouds
545,Carmelo,UY,-33.9892,-58.2856,57.09,95,100,16.24,light rain
546,Vestmanna,FO,62.1564,-7.1664,43.72,73,75,5.03,broken clouds
547,Presidente Dutra,BR,-5.29,-44.49,86.79,64,83,6.08,broken clouds
548,Boo,SE,59.3333,18.2833,54.18,87,20,6.82,few clouds
549,Berlevag,NO,70.8578,29.0864,34.03,60,100,22.77,light snow
550,Sitka,US,57.0531,-135.33,46.29,87,90,11.5,moderate rain
551,Lambare,PY,-25.3468,-57.6065,67.59,43,20,8.39,few clouds
552,Anadyr,RU,64.75,177.4833,34.3,86,0,4.0,clear sky
553,Pipar,IN,26.3856,73.5378,88.95,38,0,8.63,clear sky
554,Vestmannaeyjar,IS,63.4427,-20.2734,42.33,71,100,19.15,overcast clouds
555,Ordynskoye,RU,54.3656,81.8994,56.7,91,91,6.08,light rain
556,Flin Flon,CA,54.7682,-101.865,48.04,50,1,4.81,clear sky
557,Bairiki,KI,1.3292,172.9752,80.6,78,75,18.25,light rain
558,Rabo De Peixe,PT,37.8,-25.5833,62.11,56,20,11.56,few clouds
559,Tucuman,AR,-26.8241,-65.2226,65.3,26,4,6.62,clear sky
560,Elk Plain,US,47.0532,-122.3976,52.16,46,90,3.56,overcast clouds
561,Along,IN,28.1667,94.7667,71.1,96,95,1.57,overcast clouds
562,Sibot,RO,45.95,23.3333,63.46,71,100,2.62,overcast clouds
563,Buckeye,US,33.3703,-112.5838,83.14,8,0,14.9,clear sky
564,Ostrovnoy,RU,68.0531,39.5131,34.66,98,100,16.42,light rain
565,Beringovskiy,RU,63.05,179.3167,32.4,86,100,1.14,overcast clouds
566,Nome,US,64.5011,-165.4064,32.16,100,90,12.66,overcast clouds
567,Hobe Sound,US,27.0595,-80.1364,84.18,60,40,17.74,scattered clouds
568,Olga,RU,43.7444,135.2892,49.33,95,6,5.23,clear sky
569,Grootfontein,NA,-19.5667,18.1167,51.37,62,0,2.3,clear sky
570,Zmeinogorsk,RU,51.1567,82.195,47.23,86,45,5.79,scattered clouds
571,Kemijarvi,FI,66.7131,27.4306,32.09,87,100,12.88,overcast clouds
572,Maracena,ES,37.2076,-3.6349,75.85,32,90,3.0,overcast clouds
573,Sidi Ali,DZ,36.0998,0.4206,72.28,52,100,5.53,overcast clouds
574,Chifeng,CN,42.2683,118.9636,57.25,58,100,12.59,moderate rain
575,Unguia,CO,8.0434,-77.0945,91.49,59,100,1.77,overcast clouds
576,Evanston,US,42.0411,-87.6901,88.39,48,75,1.01,broken clouds
577,Pinheiro Machado,BR,-31.5783,-53.3811,52.77,77,87,15.7,overcast clouds
578,Alenquer,BR,-1.9417,-54.7383,84.54,63,96,5.55,overcast clouds
579,Saint Anthony,US,45.0205,-93.218,84.34,64,75,1.99,broken clouds
580,Lavrentiya,RU,65.5833,-171.0,29.52,84,13,3.51,few clouds
581,Constitucion,CL,-35.3333,-72.4167,58.82,59,0,13.91,clear sky
582,Porto Murtinho,BR,-21.6989,-57.8825,73.4,52,100,5.91,overcast clouds
583,Evensk,RU,61.95,159.2333,35.56,75,14,5.08,few clouds
584,Mwanza,TZ,-2.5167,32.9,73.45,68,20,8.05,few clouds
585,Cabedelo,BR,-6.9811,-34.8339,84.87,73,0,13.27,clear sky
586,Dosso,NE,13.049,3.1937,99.41,21,31,2.82,scattered clouds
587,Kijang,KR,35.2442,129.2139,62.33,76,0,5.06,clear sky
588,Gujranwala,PK,32.1617,74.1883,82.45,39,100,4.23,overcast clouds
589,Lukino,RU,56.4418,43.6293,53.58,63,19,3.13,few clouds
590,Victoria Point,AU,-27.5833,153.3,62.1,88,42,1.01,scattered clouds
591,Russell,US,32.3502,-85.1999,85.71,35,40,8.66,scattered clouds
592,Rio Grande,BR,-32.035,-52.0986,69.91,65,38,17.83,scattered clouds
593,Youkounkoun,GN,12.5333,-13.1333,97.86,28,49,1.81,scattered clouds
594,Kavieng,PG,-2.5744,150.7967,81.45,78,100,1.07,moderate rain
595,Teknaf,BD,20.8624,92.3058,81.59,85,100,5.14,light rain
596,Mindelo,CV,16.8901,-24.9804,76.55,81,20,13.73,few clouds
597,Shekhupura,PK,31.7131,73.9783,80.65,43,100,4.21,overcast clouds
598,Shelburne,CA,44.0787,-80.2041,71.67,93,98,11.88,overcast clouds
599,Taunggyi,MM,20.7833,97.0333,69.78,69,83,3.0,broken clouds
600,Fort Walton Beach,US,30.4058,-86.6188,87.69,57,1,5.01,clear sky
601,Luanda,AO,-8.8368,13.2343,78.8,89,40,6.91,scattered clouds
602,La Joya,MX,18.6667,-99.4667,91.38,24,4,6.22,clear sky
603,Elk River,US,45.3038,-93.5672,84.52,64,72,1.01,broken clouds
604,Bayir,TR,37.2687,28.2167,64.92,52,4,5.66,clear sky
605,Havre-Saint-Pierre,CA,50.2334,-63.5986,59.36,100,90,6.91,overcast clouds
606,Nguruka,TZ,-5.1092,31.0419,67.68,73,100,2.3,overcast clouds
607,Khailar,IN,25.35,78.5333,90.41,28,8,8.43,clear sky
608,Nhulunbuy,AU,-12.2333,136.7667,75.81,83,100,5.75,overcast clouds
609,Makakilo City,US,21.3469,-158.0858,77.32,61,1,8.05,clear sky
610,Koygorodok,RU,60.445,50.9968,53.76,59,6,6.85,clear sky
611,Meulaboh,ID,4.1363,96.1285,77.59,88,100,4.0,overcast clouds
612,Itoman,JP,26.1247,127.6694,80.62,94,75,10.36,broken clouds
613,Marfino,RU,55.7028,37.3822,62.74,73,0,8.16,clear sky
614,Murray Bridge,AU,-35.1167,139.2667,63.57,50,83,9.86,broken clouds
615,Mildura,AU,-34.2,142.15,46.36,61,24,4.61,few clouds
616,Harduaganj,IN,27.95,78.1667,87.44,37,0,2.73,clear sky
617,Banff,CA,51.1762,-115.5698,50.38,29,10,5.75,clear sky
618,Saint-Francois,FR,46.4154,3.9054,55.18,76,97,4.61,light rain
619,Baykit,RU,61.67,96.37,41.99,76,100,2.68,overcast clouds
620,Cravo Norte,CO,6.3017,-70.2041,90.21,53,73,10.4,broken clouds
621,Tara,RU,56.8944,74.371,64.27,63,100,6.46,overcast clouds
622,Barnstaple,GB,51.0802,-4.0581,52.99,71,71,12.03,broken clouds
623,Gimli,CA,50.6336,-96.9907,46.44,81,100,14.97,overcast clouds
624,Husavik,IS,66.0449,-17.3389,42.71,91,100,3.51,overcast clouds
625,Cabinda,AO,-5.55,12.2,82.54,78,20,5.75,few clouds
626,Tadine,NC,-21.55,167.8833,69.71,66,43,9.51,scattered clouds
627,Namibe,AO,-15.1961,12.1522,73.02,78,0,1.66,clear sky
628,Pontianak,ID,-0.0333,109.3333,76.98,97,90,3.51,moderate rain
629,Imeni Poliny Osipenko,RU,52.4201,136.4853,41.76,93,100,8.08,light rain
630,Khrebtovaya,RU,56.7032,104.2494,30.11,79,13,1.95,few clouds
631,Douentza,ML,14.9951,-2.9517,94.77,25,22,8.34,few clouds
632,Abha,SA,18.2164,42.5053,69.62,56,0,4.7,clear sky
633,Porto De Moz,BR,-1.7483,-52.2383,83.75,74,71,3.94,broken clouds
634,Dongsheng,CN,39.8161,109.9776,49.23,16,99,17.81,overcast clouds
635,Zhanakorgan,KZ,43.9098,67.2495,76.5,25,0,16.96,clear sky
636,Talaya,RU,61.3833,152.75,33.3,76,100,4.81,overcast clouds
637,Klyuchevskiy,RU,53.5317,119.4519,34.74,78,100,11.9,overcast clouds
638,Thio,NC,-21.6167,166.2167,60.76,80,35,4.03,scattered clouds
639,Halifax,CA,44.6453,-63.5724,55.53,85,100,4.0,overcast clouds
640,Kathu,TH,7.9178,98.3332,82.69,75,100,11.59,overcast clouds
641,Port Lavaca,US,28.615,-96.6261,83.3,78,75,12.66,broken clouds
642,Ballarat,AU,-37.5662,143.8496,42.96,60,97,3.71,overcast clouds
643,Port Lincoln,AU,-34.7333,135.8667,61.66,39,100,10.09,overcast clouds
644,Armidale,AU,-30.5167,151.65,44.82,95,0,2.64,clear sky
645,Pringsewu,ID,-5.3582,104.9744,74.03,97,86,2.66,overcast clouds
646,Poso,ID,-1.3959,120.7524,78.35,88,99,3.49,light rain
647,Teluk Nibung,ID,3.001,99.8164,77.61,88,25,1.45,scattered clouds
648,Tres Lagoas,BR,-20.7511,-51.6783,78.55,57,100,16.89,overcast clouds
649,Nkowakowa,ZA,-23.8878,30.2871,57.25,76,78,3.53,broken clouds
650,Brewster,US,41.3973,-73.6171,90.27,48,1,1.01,clear sky
651,Awbari,LY,26.5921,12.7805,94.01,8,0,10.8,clear sky
652,Buncrana,IE,55.1333,-7.45,48.02,73,100,3.22,overcast clouds
653,Alofi,NU,-19.0595,-169.9187,76.89,94,74,6.91,light rain
654,Jibuti,DJ,11.5,42.5,81.82,54,9,10.56,clear sky
655,Nehe,CN,48.4833,124.8333,57.76,78,100,13.02,overcast clouds
656,Boguchany,RU,58.3814,97.4531,40.77,62,99,2.93,overcast clouds
657,Salisbury,GB,51.0693,-1.7957,55.69,54,20,14.97,few clouds
658,Umba,RU,66.6871,34.3429,34.99,96,100,15.37,light rain
659,Mareeba,AU,-17.0,145.4333,65.12,98,55,2.37,broken clouds
660,Puri,IN,19.8,85.85,85.37,80,100,6.69,overcast clouds
661,Karasburg,NA,-28.0167,18.75,57.69,25,9,12.37,clear sky
662,Saraland,US,30.8207,-88.0706,85.62,36,100,10.0,overcast clouds
663,Touros,BR,-5.1989,-35.4608,85.1,67,7,15.52,clear sky
664,San Jeronimo,PE,-11.9472,-75.2829,61.65,50,60,4.88,broken clouds
665,Ewa Beach,US,21.3156,-158.0072,78.75,59,1,8.05,clear sky
666,Vanavara,RU,60.34,102.2797,38.62,58,100,2.68,overcast clouds
667,Roma,US,43.2128,-75.4557,82.26,56,1,11.5,clear sky
668,Manggar,ID,-2.8833,108.2667,79.86,79,100,1.5,moderate rain
669,Kushiro,JP,42.975,144.3747,46.08,95,100,10.85,overcast clouds
670,Rovaniemi,FI,66.5,25.7167,36.81,75,40,16.11,scattered clouds
671,Luderitz,NA,-26.6481,15.1594,68.59,38,6,4.36,clear sky
672,Burnie,AU,-41.0667,145.9167,48.94,87,100,4.34,overcast clouds
673,Rupert,US,42.6191,-113.6772,60.75,22,1,15.03,clear sky
674,Lewiston,US,44.1003,-70.2148,86.05,57,1,3.44,clear sky
675,Araouane,ML,18.9048,-3.5265,101.43,11,5,9.73,clear sky
676,Prince Rupert,CA,54.3161,-130.3201,50.09,93,90,4.61,overcast clouds
677,Boende,CD,-0.2167,20.8667,73.15,94,100,1.7,light rain
678,Zhanaozen,KZ,43.3,52.8,87.75,13,0,24.47,clear sky
679,Sola,VU,-13.8833,167.55,75.87,100,20,0.0,few clouds
680,Agadez,NE,19.75,10.25,92.52,8,0,7.14,clear sky
681,Hirara,JP,24.8,125.2833,81.25,88,100,13.15,overcast clouds
682,Mirabad,AF,30.4362,61.8383,85.32,12,0,15.93,clear sky
683,Wattegama,LK,6.7989,81.4808,77.92,75,100,9.62,overcast clouds
684,Jumla,NP,29.2747,82.1838,53.47,82,0,3.8,clear sky
685,Orange,US,33.7,-117.7675,72.05,54,75,1.99,broken clouds
686,Mayo,US,38.8876,-76.5119,92.08,40,1,8.99,clear sky
687,Pemangkat,ID,1.1667,108.9667,80.69,81,100,7.31,moderate rain
688,Ikornnes,NO,62.3873,6.557,62.65,52,92,3.0,overcast clouds
689,Kichera,RU,55.9375,110.0997,36.43,72,92,5.79,overcast clouds
690,Boralday,KZ,43.3578,76.8594,57.06,52,20,3.29,few clouds
691,Hailin,CN,44.5833,129.4167,56.23,86,0,3.78,clear sky
692,Mastic Beach,US,40.7668,-72.8521,90.21,59,1,1.01,clear sky
693,Richards Bay,ZA,-28.783,32.0377,61.5,84,37,1.92,scattered clouds
694,Shihezi,CN,44.3,86.0333,62.73,36,2,5.46,clear sky
695,Fort Nelson,CA,58.8053,-122.7002,63.99,32,75,3.44,broken clouds
696,Kouango,CF,4.9934,19.9619,73.92,94,100,2.39,moderate rain
697,Briancon,FR,44.9,6.65,49.62,85,90,5.28,overcast clouds
698,Kachiry,KZ,53.0675,76.1036,67.53,50,40,9.28,scattered clouds
699,Taos,US,36.4072,-105.5731,71.73,39,90,1.99,overcast clouds
700,Dubrovnik,HR,42.6481,18.0922,65.84,66,0,14.88,clear sky
701,College,US,64.8569,-147.8028,46.58,85,90,8.05,light rain
702,Woodward,US,36.4337,-99.3904,79.83,59,40,17.76,scattered clouds
703,Tortoli,IT,39.9256,9.6572,66.02,100,0,28.77,clear sky
704,Neryungri,RU,56.6709,124.6491,33.33,67,100,7.27,overcast clouds
705,Danielskuil,ZA,-28.1887,23.5395,47.1,34,0,6.98,clear sky
706,Olomouc,CZ,49.5955,17.2518,55.51,83,0,6.53,clear sky
707,General Roca,AR,-39.0333,-67.5833,59.4,36,15,14.63,few clouds
708,Kaniama,CD,-7.5667,24.1833,70.92,57,100,5.03,overcast clouds
709,Emerald,AU,-23.5333,148.1667,59.14,72,75,5.75,broken clouds
710,Petropavlovsk-Kamchatskiy,RU,53.0452,158.6483,36.19,66,99,6.35,overcast clouds
711,Lalmohan,BD,22.3384,90.7419,86.74,74,100,9.69,overcast clouds
712,Severnoye,RU,56.3491,78.3619,61.02,68,3,7.25,clear sky
713,Sao Luiz Gonzaga,BR,-28.4083,-54.9608,59.02,66,65,12.21,broken clouds
714,Okakarara,NA,-20.5833,17.4333,59.74,40,0,7.11,clear sky
715,Cozumel,MX,20.5083,-86.9458,86.07,66,75,10.36,broken clouds
716,Labunista,MK,41.2686,20.5961,56.68,79,0,4.14,clear sky
717,Sao Jose Da Coroa Grande,BR,-8.8978,-35.1478,79.99,70,7,8.52,clear sky
718,Linares,CL,-35.85,-71.6,58.66,52,2,10.6,clear sky
719,Ouadda,CF,8.0777,22.4007,73.58,79,73,4.79,broken clouds
720,Leninskoye,KZ,41.7589,69.3864,74.98,55,61,4.29,broken clouds
721,Znamenskoye,RU,57.1281,73.8282,63.7,67,100,5.79,overcast clouds
722,Bereda,ES,43.2686,-7.5406,56.14,65,6,5.26,clear sky
723,Guilin,CN,25.2819,110.2864,71.71,96,99,0.89,overcast clouds
724,Marmora,IT,44.4583,7.094,52.52,83,79,5.53,broken clouds
